ScanCode,Access,Description,Instruments
TOP_PERC_GAIN,allowed,Top % Gainers,"STK,STOCK.NA,STOCK.EU,STOCK.ME,STOCK.HK,ETF.EQ.US,ETF.FI.US,IND.US,IND.EU,IND.HK,FUT.US,FUT.NA,FUT.EU,FUT.HK,SSF.US,SSF.NA,SSF.EU,SSF.HK,BOND"
TOP_PERC_LOSE,allowed,Top % Losers,"STK,STOCK.NA,STOCK.EU,STOCK.ME,STOCK.HK,ETF.EQ.US,ETF.FI.US,IND.US,IND.EU,IND.HK,FUT.US,FUT.NA,FUT.EU,FUT.HK,SSF.US,SSF.NA,SSF.EU,SSF.HK,BOND"
MOST_ACTIVE,allowed,Most Active,"STK,STOCK.NA,STOCK.EU,STOCK.ME,STOCK.HK,ETF.EQ.US,ETF.FI.US,FUT.US,FUT.NA,FUT.EU,FUT.HK,SSF.US,SSF.NA,SSF.EU,SSF.HK,BOND,SLB.US,OPT.US"
NOT_YET_TRADED_TODAY,n.a.,Not Yet Traded Today,"STK,STOCK.NA,STOCK.EU,STOCK.ME,STOCK.HK,ETF.EQ.US,ETF.FI.US,FUT.US,FUT.NA,FUT.EU,FUT.HK"
MOST_ACTIVE_USD,allowed,Most Active ($),"STK,STOCK.NA,STOCK.EU,STOCK.ME,STOCK.HK,ETF.EQ.US,ETF.FI.US,FUT.US,FUT.NA,FUT.EU,FUT.HK,SSF.US,SSF.NA,SSF.EU,SSF.HK,SLB.US,OPT.US"
MOST_ACTIVE_AVG_USD,allowed,Most Active (Avg $),"STK,STOCK.NA,STOCK.EU,STOCK.ME,STOCK.HK,ETF.EQ.US,ETF.FI.US"
HALTED,allowed,Halted,"STK,STOCK.NA,STOCK.EU,STOCK.ME,STOCK.HK,FUT.US,FUT.NA,FUT.EU,FUT.HK,SSF.US,SSF.NA,SSF.EU,SSF.HK"
LIMIT_UP_DOWN,n.a.,Closest to Limit Up/Down,"STK,FUT.US"
HOT_BY_PRICE,allowed,Hot Contracts by Price,"STK,STOCK.NA,STOCK.EU,STOCK.ME,STOCK.HK,ETF.EQ.US,ETF.FI.US,FUT.US,FUT.NA,FUT.EU,FUT.HK,SSF.US,SSF.NA,SSF.EU,SSF.HK"
HOT_BY_VOLUME,allowed,Hot Contracts by Volume,"STK,STOCK.NA,STOCK.EU,STOCK.ME,STOCK.HK,ETF.EQ.US,ETF.FI.US"
HIGH_DIVIDEND_YIELD_IB,allowed,High Dividend Yield,"STK,STOCK.NA,STOCK.EU,STOCK.ME,STOCK.HK"
TOP_TRADE_COUNT,allowed,Top Trade Count,"STK,STOCK.NA,STOCK.EU,STOCK.ME,STOCK.HK,ETF.EQ.US,ETF.FI.US,FUT.US,FUT.NA,FUT.EU,FUT.HK,SSF.US,SSF.NA,SSF.EU,SSF.HK,BOND"
TOP_TRADE_RATE,allowed,Top Trade Rate,"STK,STOCK.NA,STOCK.EU,STOCK.ME,STOCK.HK,ETF.EQ.US,ETF.FI.US,FUT.US,FUT.NA,FUT.EU,FUT.HK,SSF.US,SSF.NA,SSF.EU,SSF.HK,BOND"
TOP_PRICE_RANGE,allowed,Top Price Range,"STK,ETF.EQ.US,ETF.FI.US,FUT.US"
HOT_BY_PRICE_RANGE,allowed,Hot By Price Range,"STK,STOCK.NA,STOCK.EU,STOCK.ME,STOCK.HK,ETF.EQ.US,ETF.FI.US,FUT.US,FUT.NA,FUT.EU,FUT.HK"
TOP_VOLUME_RATE,allowed,Top Volume Rate,"STK,STOCK.NA,STOCK.EU,STOCK.ME,STOCK.HK,ETF.EQ.US,ETF.FI.US,FUT.US,FUT.NA,FUT.EU,FUT.HK"
HIGH_STVOLUME_3MIN,unrestricted,High 3min Volume,"STK,STOCK.NA,STOCK.EU,STOCK.ME,STOCK.HK,ETF.EQ.US,ETF.FI.US,FUT.US,FUT.NA,FUT.EU,FUT.HK,SSF.US,SSF.NA,SSF.EU,SSF.HK"
HIGH_STVOLUME_5MIN,unrestricted,High 5min Volume,"STK,STOCK.NA,STOCK.EU,STOCK.ME,STOCK.HK,ETF.EQ.US,ETF.FI.US,FUT.US,FUT.NA,FUT.EU,FUT.HK,SSF.US,SSF.NA,SSF.EU,SSF.HK"
HIGH_STVOLUME_10MIN,unrestricted,High 10min Volume,"STK,STOCK.NA,STOCK.EU,STOCK.ME,STOCK.HK,ETF.EQ.US,ETF.FI.US,FUT.US,FUT.NA,FUT.EU,FUT.HK,SSF.US,SSF.NA,SSF.EU,SSF.HK"
TOP_OPEN_PERC_GAIN,allowed,Top % Gainers Since Open,"STK,STOCK.NA,STOCK.EU,STOCK.ME,STOCK.HK,ETF.EQ.US,ETF.FI.US,FUT.US,FUT.NA,FUT.EU,FUT.HK"
TOP_OPEN_PERC_LOSE,allowed,Top % Losers Since Open,"STK,STOCK.NA,STOCK.EU,STOCK.ME,STOCK.HK,ETF.EQ.US,ETF.FI.US,FUT.US,FUT.NA,FUT.EU,FUT.HK"
HIGH_OPEN_GAP,allowed,Top Close-to-Open % Gainers,"STK,STOCK.NA,STOCK.EU,STOCK.ME,STOCK.HK,ETF.EQ.US,ETF.FI.US,FUT.US,FUT.NA,FUT.EU,FUT.HK"
LOW_OPEN_GAP,allowed,Top Close-to-Open % Losers,"STK,STOCK.NA,STOCK.EU,STOCK.ME,STOCK.HK,ETF.EQ.US,ETF.FI.US,FUT.US,FUT.NA,FUT.EU,FUT.HK"
TOP_AFTER_HOURS_PERC_GAIN,allowed,Top % After-Hours Gainers,"STK,ETF.EQ.US,ETF.FI.US"
TOP_AFTER_HOURS_PERC_LOSE,allowed,Top % After-Hours Losers,"STK,ETF.EQ.US,ETF.FI.US"
HIGH_OPT_IMP_VOLAT,allowed,Highest Option Imp Vol,"STK,STOCK.NA,STOCK.EU,STOCK.ME,STOCK.HK,ETF.EQ.US,ETF.FI.US,IND.US,IND.EU,IND.HK"
LOW_OPT_IMP_VOLAT,allowed,Lowest Option Imp Vol,"STK,STOCK.NA,STOCK.EU,STOCK.ME,STOCK.HK,ETF.EQ.US,ETF.FI.US,IND.US,IND.EU,IND.HK"
TOP_OPT_IMP_VOLAT_GAIN,allowed,Top Option Imp Vol % Gainers,"STK,STOCK.NA,STOCK.EU,STOCK.ME,STOCK.HK,ETF.EQ.US,ETF.FI.US,IND.US,IND.EU,IND.HK"
TOP_OPT_IMP_VOLAT_LOSE,allowed,Top Option Imp Vol % Losers,"STK,STOCK.NA,STOCK.EU,STOCK.ME,STOCK.HK,ETF.EQ.US,ETF.FI.US,IND.US,IND.EU,IND.HK"
HIGH_OPT_IMP_VOLAT_OVER_HIST,allowed,High Option Imp Vol Over Historical,"STK,STOCK.NA,STOCK.EU,STOCK.ME,STOCK.HK,ETF.EQ.US,ETF.FI.US,IND.US,IND.EU,IND.HK"
LOW_OPT_IMP_VOLAT_OVER_HIST,allowed,Low Option Imp Vol Over Historical,"STK,STOCK.NA,STOCK.EU,STOCK.ME,STOCK.HK,ETF.EQ.US,ETF.FI.US,IND.US,IND.EU,IND.HK"
OPT_VOLUME_MOST_ACTIVE,allowed,Most Active By Opt Volume,"STK,ETF.EQ.US,ETF.FI.US,IND.US,STOCK.HK,FUT.US"
OPT_OPEN_INTEREST_MOST_ACTIVE,allowed,Most Active By Opt Open Interest,"STK,ETF.EQ.US,ETF.FI.US,IND.US,STOCK.HK,FUT.US,IND.FCASTX"
HIGH_OPT_VOLUME_PUT_CALL_RATIO,allowed,High Opt Volume P/C Ratio,"STK,ETF.EQ.US,ETF.FI.US,IND.US,STOCK.HK,FUT.US"
LOW_OPT_VOLUME_PUT_CALL_RATIO,allowed,Low Opt Volume P/C Ratio,"STK,ETF.EQ.US,ETF.FI.US,IND.US,STOCK.HK,FUT.US"
HIGH_OPT_OPEN_INTEREST_PUT_CALL_RATIO,allowed,High Opt Open Interest P/C Ratio,"STK,ETF.EQ.US,ETF.FI.US,IND.US,STOCK.HK,FUT.US"
LOW_OPT_OPEN_INTEREST_PUT_CALL_RATIO,allowed,Low Opt Open Interest P/C Ratio,"STK,ETF.EQ.US,ETF.FI.US,IND.US,STOCK.HK,FUT.US"
HOT_BY_OPT_VOLUME,allowed,Hot By Opt Volume,"STK,ETF.EQ.US,ETF.FI.US,IND.US,STOCK.HK"
TOP_STOCK_BUY_IMBALANCE_ADV_RATIO,allowed,Hot by Buy Imbalance,"STK,STOCK.NA,STOCK.EU,STOCK.ME,STOCK.HK"
TOP_STOCK_SELL_IMBALANCE_ADV_RATIO,allowed,Hot by Sell Imbalance,"STK,STOCK.NA,STOCK.EU,STOCK.ME,STOCK.HK"
TOP_STOCK_BUY_REG_IMBALANCE_ADV_RATIO,allowed,Hot by Buy Regulatory Imbalance,"STK,STOCK.NA,STOCK.EU,STOCK.ME,STOCK.HK"
TOP_STOCK_SELL_REG_IMBALANCE_ADV_RATIO,allowed,Hot by Sell Regulatory Imbalance,"STK,STOCK.NA,STOCK.EU,STOCK.ME,STOCK.HK"
HIGH_VS_13W_HL,allowed,13-Week High,"STK,STOCK.HK,STOCK.EU,STOCK.ME,STOCK.NA,ETF.EQ.US,ETF.FI.US"
LOW_VS_13W_HL,allowed,13-Week Low,"STK,STOCK.HK,STOCK.EU,STOCK.ME,STOCK.NA,ETF.EQ.US,ETF.FI.US"
HIGH_VS_26W_HL,allowed,26-Week High,"STK,STOCK.HK,STOCK.EU,STOCK.ME,STOCK.NA,ETF.EQ.US,ETF.FI.US"
LOW_VS_26W_HL,allowed,26-Week Low,"STK,STOCK.HK,STOCK.EU,STOCK.ME,STOCK.NA,ETF.EQ.US,ETF.FI.US"
HIGH_VS_52W_HL,allowed,52-Week High,"STK,STOCK.HK,STOCK.EU,STOCK.ME,STOCK.NA,ETF.EQ.US,ETF.FI.US"
LOW_VS_52W_HL,allowed,52-Week Low,"STK,STOCK.HK,STOCK.EU,STOCK.ME,STOCK.NA,ETF.EQ.US,ETF.FI.US"
FIRST_TRADE_DATE_ASC,unrestricted,Upcoming IPO Date Asc,"STK,STOCK.NA,STOCK.EU,STOCK.ME,STOCK.HK"
FIRST_TRADE_DATE_DESC,unrestricted,Upcoming IPO Date Desc,"STK,STOCK.NA,STOCK.EU,STOCK.ME,STOCK.HK"
HIGH_GROWTH_RATE,unrestricted,High Growth Rate (Refinitiv),"STK,STOCK.NA,STOCK.EU,STOCK.ME,STOCK.HK"
LOW_GROWTH_RATE,unrestricted,Low Growth Rate (Refinitiv),"STK,STOCK.NA,STOCK.EU,STOCK.ME,STOCK.HK"
HIGH_PE_RATIO,allowed,High P/E Ratio (Refinitiv),STK
LOW_PE_RATIO,allowed,Low P/E Ratio (Refinitiv),STK
HIGH_QUICK_RATIO,unrestricted,High Quick Ratio (Refinitiv),"STK,STOCK.NA,STOCK.EU,STOCK.ME,STOCK.HK"
LOW_QUICK_RATIO,unrestricted,Low Quick Ratio (Refinitiv),"STK,STOCK.NA,STOCK.EU,STOCK.ME,STOCK.HK"
HIGH_RETURN_ON_EQUITY,unrestricted,High Return On Equity (Refinitiv),"STK,STOCK.NA,STOCK.EU,STOCK.ME,STOCK.HK"
LOW_RETURN_ON_EQUITY,unrestricted,Low Return On Equity (Refinitiv),"STK,STOCK.NA,STOCK.EU,STOCK.ME,STOCK.HK"
HIGH_PRICE_2_BOOK_RATIO,allowed,High Price/Book Ratio (Refinitiv),STK
LOW_PRICE_2_BOOK_RATIO,allowed,Low Price/Book Ratio (Refinitiv),STK
HIGH_PRICE_2_TAN_BOOK_RATIO,allowed,High Price/Tang. Book Ratio (Refinitiv),STK
LOW_PRICE_2_TAN_BOOK_RATIO,allowed,Low Price/Tang. Book Ratio (Refinitiv),STK
SCAN_epsChangeTTM_ASC,allowed,EPS Chg TTM % (Refinitiv) Asc,"STK,STOCK.NA,STOCK.EU,STOCK.ME,STOCK.HK"
SCAN_epsChangeTTM_DESC,allowed,EPS Chg TTM % (Refinitiv) Desc,"STK,STOCK.NA,STOCK.EU,STOCK.ME,STOCK.HK"
SCAN_revChange_ASC,allowed,Rev Change(%) (Refinitiv) Asc,"STK,STOCK.NA,STOCK.EU,STOCK.ME,STOCK.HK"
SCAN_revChange_DESC,allowed,Rev Change(%) (Refinitiv) Desc,"STK,STOCK.NA,STOCK.EU,STOCK.ME,STOCK.HK"
SCAN_revGrowthRate5Y_ASC,allowed,Revenue Growth Rate 5Y (Refinitiv) Asc,"STK,STOCK.NA,STOCK.EU,STOCK.ME,STOCK.HK"
SCAN_revGrowthRate5Y_DESC,allowed,Revenue Growth Rate 5Y (Refinitiv) Desc,"STK,STOCK.NA,STOCK.EU,STOCK.ME,STOCK.HK"
SCAN_payoutRatioTTM_ASC,allowed,Payout Ratio TTM (Refinitiv) Asc,"STK,STOCK.NA,STOCK.EU,STOCK.ME,STOCK.HK"
SCAN_payoutRatioTTM_DESC,allowed,Payout Ratio TTM (Refinitiv) Desc,"STK,STOCK.NA,STOCK.EU,STOCK.ME,STOCK.HK"
SCAN_price2CashTTM_ASC,allowed,Price To Cash Per Share (Refinitiv) Asc,"STK,STOCK.NA,STOCK.EU,STOCK.ME,STOCK.HK"
SCAN_price2CashTTM_DESC,allowed,Price To Cash Per Share (Refinitiv) Desc,"STK,STOCK.NA,STOCK.EU,STOCK.ME,STOCK.HK"
SCAN_operatingMarginTTM_ASC,allowed,Operating Margin (Refinitiv) Asc,"STK,STOCK.NA,STOCK.EU,STOCK.ME,STOCK.HK"
SCAN_operatingMarginTTM_DESC,allowed,Operating Margin (Refinitiv) Desc,"STK,STOCK.NA,STOCK.EU,STOCK.ME,STOCK.HK"
SCAN_netProfitMarginTTM_ASC,allowed,Net Profit Margin(%) (Refinitiv) Asc,"STK,STOCK.NA,STOCK.EU,STOCK.ME,STOCK.HK"
SCAN_netProfitMarginTTM_DESC,allowed,Net Profit Margin(%) (Refinitiv) Desc,"STK,STOCK.NA,STOCK.EU,STOCK.ME,STOCK.HK"
SCAN_returnOnInvestmentTTM_ASC,allowed,Return On Investment (Refinitiv) Asc,"STK,STOCK.NA,STOCK.EU,STOCK.ME,STOCK.HK"
SCAN_returnOnInvestmentTTM_DESC,allowed,Return On Investment (Refinitiv) Desc,"STK,STOCK.NA,STOCK.EU,STOCK.ME,STOCK.HK"
WSH_NEXT_MAJOR_EVENT,unrestricted,Upcoming Major Event (WSH),"STK,STOCK.NA,STOCK.EU,STOCK.ME,STOCK.HK"
WSH_NEXT_ANALYST_MEETING,unrestricted,Upcoming Meeting (WSH),"STK,STOCK.NA,STOCK.EU,STOCK.ME,STOCK.HK"
WSH_NEXT_EVENT,unrestricted,Upcoming Event (WSH),"STK,STOCK.NA,STOCK.EU,STOCK.ME,STOCK.HK"
WSH_PREV_EARNINGS,unrestricted,Recent Earnings (WSH),"STK,STOCK.NA,STOCK.EU,STOCK.ME,STOCK.HK"
WSH_PREV_ANALYST_MEETING,unrestricted,Recent Meeting (WSH),"STK,STOCK.NA,STOCK.EU,STOCK.ME,STOCK.HK"
WSH_PREV_EVENT,unrestricted,Recent Event (WSH),"STK,STOCK.NA,STOCK.EU,STOCK.ME,STOCK.HK"
SCAN_sharesAvailableNorm_ASC,unrestricted,Shortable shares (Low-High),"STK,STOCK.NA,STOCK.EU,STOCK.ME,STOCK.HK"
SCAN_sharesAvailableNorm_DESC,unrestricted,Shortable shares (High-Low),"STK,STOCK.NA,STOCK.EU,STOCK.ME,STOCK.HK"
SCAN_feeRate_ASC,unrestricted,Fee Rate (Low-High),"STK,STOCK.NA,STOCK.EU,STOCK.ME,STOCK.HK"
SCAN_feeRate_DESC,unrestricted,Fee Rate (High-Low),"STK,STOCK.NA,STOCK.EU,STOCK.ME,STOCK.HK"
SCAN_utilization_ASC,unrestricted,Utilization (Low-High),"STK,STOCK.NA,STOCK.EU,STOCK.ME,STOCK.HK,ETF.EQ.US,ETF.FI.US"
SCAN_utilization_DESC,unrestricted,Utilization (High-Low),"STK,STOCK.NA,STOCK.EU,STOCK.ME,STOCK.HK,ETF.EQ.US,ETF.FI.US"
SCAN_avgRating_ASC,allowed,Avg Analyst Rating (Refinitiv) Asc,"STK,STOCK.NA,STOCK.EU,STOCK.ME,STOCK.HK"
SCAN_avgRating_DESC,allowed,Avg Analyst Rating (Refinitiv) Desc,"STK,STOCK.NA,STOCK.EU,STOCK.ME,STOCK.HK"
SCAN_numRatings_ASC,allowed,# of Analyst Ratings (Refinitiv) Asc,"STK,STOCK.NA,STOCK.EU,STOCK.ME,STOCK.HK"
SCAN_numRatings_DESC,allowed,# of Analyst Ratings (Refinitiv) Desc,"STK,STOCK.NA,STOCK.EU,STOCK.ME,STOCK.HK"
SCAN_avgPriceTarget_ASC,allowed,Avg Analyst Price Target (Refinitiv) Asc,STK
SCAN_avgPriceTarget_DESC,allowed,Avg Analyst Price Target (Refinitiv) Desc,STK
SCAN_numPriceTargets_ASC,allowed,# of Analyst Price Targets (Refinitiv) Asc,STK
SCAN_numPriceTargets_DESC,allowed,# of Analyst Price Targets (Refinitiv) Desc,STK
SCAN_avgAnalystTarget2PriceRatio_ASC,allowed,Analyst Target/Price Ratio (Refinitiv) Asc,STK
SCAN_avgAnalystTarget2PriceRatio_DESC,allowed,Analyst Target/Price Ratio (Refinitiv) Desc,STK
SCAN_ihNumSharesInsider_ASC,allowed,# Shares Held By Insider Asc,"STK,STOCK.NA,STOCK.EU,STOCK.ME,STOCK.HK"
SCAN_ihNumSharesInsider_DESC,allowed,# Shares Held By Insider Desc,"STK,STOCK.NA,STOCK.EU,STOCK.ME,STOCK.HK"
SCAN_ihInsiderOfFloatPerc_ASC,allowed,Insider Shares as % of Float Asc,"STK,STOCK.NA,STOCK.EU,STOCK.ME,STOCK.HK"
SCAN_ihInsiderOfFloatPerc_DESC,allowed,Insider Shares as % of Float Desc,"STK,STOCK.NA,STOCK.EU,STOCK.ME,STOCK.HK"
SCAN_iiNumSharesInstitutional_ASC,allowed,# Shares Held By Institutions Asc,"STK,STOCK.NA,STOCK.EU,STOCK.ME,STOCK.HK"
SCAN_iiNumSharesInstitutional_DESC,allowed,# Shares Held By Institutions Desc,"STK,STOCK.NA,STOCK.EU,STOCK.ME,STOCK.HK"
SCAN_iiInstitutionalOfFloatPerc_ASC,allowed,Institutional Shares as % of Float Asc,"STK,STOCK.NA,STOCK.EU,STOCK.ME,STOCK.HK"
SCAN_iiInstitutionalOfFloatPerc_DESC,allowed,Institutional Shares as % of Float Desc,"STK,STOCK.NA,STOCK.EU,STOCK.ME,STOCK.HK"
HIGH_LAST_VS_EMA20,allowed,Price vs EMA(20) Change(%) (High-Low),"STK,ETF.EQ.US,ETF.FI.US"
LOW_LAST_VS_EMA20,allowed,Price vs EMA(20) Change(%) (Low-High),"STK,ETF.EQ.US,ETF.FI.US"
HIGH_LAST_VS_EMA50,allowed,Price vs EMA(50) Change(%) (High-Low),"STK,ETF.EQ.US,ETF.FI.US"
LOW_LAST_VS_EMA50,allowed,Price vs EMA(50) Change(%) (Low-High),"STK,ETF.EQ.US,ETF.FI.US"
HIGH_LAST_VS_EMA100,allowed,Price vs EMA(100) Change(%) (High-Low),"STK,ETF.EQ.US,ETF.FI.US"
LOW_LAST_VS_EMA100,allowed,Price vs EMA(100) Change(%) (Low-High),"STK,ETF.EQ.US,ETF.FI.US"
HIGH_LAST_VS_EMA200,allowed,Price vs EMA(200) Change(%) (High-Low),"STK,ETF.EQ.US,ETF.FI.US"
LOW_LAST_VS_EMA200,allowed,Price vs EMA(200) Change(%) (Low-High),"STK,ETF.EQ.US,ETF.FI.US"
BULLISH_LAST_VS_EMA20,allowed,Bullish Price vs EMA(20),"STK,ETF.EQ.US,ETF.FI.US"
BEARISH_LAST_VS_EMA20,allowed,Bearish Price vs EMA(20),"STK,ETF.EQ.US,ETF.FI.US"
BULLISH_LAST_VS_EMA50,allowed,Bullish Price vs EMA(50),"STK,ETF.EQ.US,ETF.FI.US"
BEARISH_LAST_VS_EMA50,allowed,Bearish Price vs EMA(50),"STK,ETF.EQ.US,ETF.FI.US"
BULLISH_LAST_VS_EMA100,allowed,Bullish Price vs EMA(100),"STK,ETF.EQ.US,ETF.FI.US"
BEARISH_LAST_VS_EMA100,allowed,Bearish Price vs EMA(100),"STK,ETF.EQ.US,ETF.FI.US"
BULLISH_LAST_VS_EMA200,allowed,Bullish Price vs EMA(200),"STK,ETF.EQ.US,ETF.FI.US"
BEARISH_LAST_VS_EMA200,allowed,Bearish Price vs EMA(200),"STK,ETF.EQ.US,ETF.FI.US"
BULLISH_EMA_DIFF_VS_LAST,allowed,Bullish EMA(20) vs EMA(200),"STK,ETF.EQ.US,ETF.FI.US"
BEARISH_EMA_DIFF_VS_LAST,allowed,Bearish EMA(20) vs EMA(200),"STK,ETF.EQ.US,ETF.FI.US"
BULLISH_MACD_DIST_VS_LAST,allowed,Bullish MACD Histogram,"STK,ETF.EQ.US,ETF.FI.US"
BEARISH_MACD_DIST_VS_LAST,allowed,Bearish MACD Histogram,"STK,ETF.EQ.US,ETF.FI.US"
BULLISH_PPO_DIST,allowed,Bullish PPO Histogram,"STK,ETF.EQ.US,ETF.FI.US"
BEARISH_PPO_DIST,allowed,Bearish PPO Histogram,"STK,ETF.EQ.US,ETF.FI.US"
SCAN_rcgLongTermTechnicalDate_DESC,unrestricted,Long Term Technical Date (Recognia) Desc,"STK,STOCK.NA,STOCK.EU,STOCK.ME,STOCK.HK,ETF.EQ.US,ETF.FI.US"
SCAN_rcgLongTermTechnicalDate_ASC,unrestricted,Long Term Technical Date (Recognia) Asc,"STK,STOCK.NA,STOCK.EU,STOCK.ME,STOCK.HK,ETF.EQ.US,ETF.FI.US"
SCAN_rcgLongTermEventScore_DESC,unrestricted,Long Term Event Score (Recognia) Desc,"STK,STOCK.NA,STOCK.EU,STOCK.ME,STOCK.HK,ETF.EQ.US,ETF.FI.US"
SCAN_rcgLongTermEventScore_ASC,unrestricted,Long Term Event Score (Recognia) Asc,"STK,STOCK.NA,STOCK.EU,STOCK.ME,STOCK.HK,ETF.EQ.US,ETF.FI.US"
SCAN_rcgLongTermTrade_DESC,unrestricted,Long Term Trade (Recognia) Desc,"STK,STOCK.NA,STOCK.EU,STOCK.ME,STOCK.HK,ETF.EQ.US,ETF.FI.US"
SCAN_rcgLongTermTrade_ASC,unrestricted,Long Term Trade (Recognia) Asc,"STK,STOCK.NA,STOCK.EU,STOCK.ME,STOCK.HK,ETF.EQ.US,ETF.FI.US"
SCAN_rcgIntermediateTermTechnicalDate_DESC,unrestricted,Intermediate Term Technical Date (Recognia) Desc,"STK,STOCK.NA,STOCK.EU,STOCK.ME,STOCK.HK,ETF.EQ.US,ETF.FI.US"
SCAN_rcgIntermediateTermTechnicalDate_ASC,unrestricted,Intermediate Term Technical Date (Recognia) Asc,"STK,STOCK.NA,STOCK.EU,STOCK.ME,STOCK.HK,ETF.EQ.US,ETF.FI.US"
SCAN_rcgIntermediateTermEventScore_DESC,unrestricted,Intermediate Term Event Score (Recognia) Desc,"STK,STOCK.NA,STOCK.EU,STOCK.ME,STOCK.HK,ETF.EQ.US,ETF.FI.US"
SCAN_rcgIntermediateTermEventScore_ASC,unrestricted,Intermediate Term Event Score (Recognia) Asc,"STK,STOCK.NA,STOCK.EU,STOCK.ME,STOCK.HK,ETF.EQ.US,ETF.FI.US"
SCAN_rcgIntermediateTermTrade_DESC,unrestricted,Intermediate Term Trade (Recognia) Desc,"STK,STOCK.NA,STOCK.EU,STOCK.ME,STOCK.HK,ETF.EQ.US,ETF.FI.US"
SCAN_rcgIntermediateTermTrade_ASC,unrestricted,Intermediate Term Trade (Recognia) Asc,"STK,STOCK.NA,STOCK.EU,STOCK.ME,STOCK.HK,ETF.EQ.US,ETF.FI.US"
SCAN_rcgShortTermTechnicalDate_DESC,unrestricted,Short Term Technical Date (Recognia) Desc,"STK,STOCK.NA,STOCK.EU,STOCK.ME,STOCK.HK,ETF.EQ.US,ETF.FI.US"
SCAN_rcgShortTermTechnicalDate_ASC,unrestricted,Short Term Technical Date (Recognia) Asc,"STK,STOCK.NA,STOCK.EU,STOCK.ME,STOCK.HK,ETF.EQ.US,ETF.FI.US"
SCAN_rcgShortTermEventScore_DESC,unrestricted,Short Term Event Score (Recognia) Desc,"STK,STOCK.NA,STOCK.EU,STOCK.ME,STOCK.HK,ETF.EQ.US,ETF.FI.US"
SCAN_rcgShortTermEventScore_ASC,unrestricted,Short Term Event Score (Recognia) Asc,"STK,STOCK.NA,STOCK.EU,STOCK.ME,STOCK.HK,ETF.EQ.US,ETF.FI.US"
SCAN_rcgShortTermTrade_DESC,unrestricted,Short Term Trade (Recognia) Desc,"STK,STOCK.NA,STOCK.EU,STOCK.ME,STOCK.HK,ETF.EQ.US,ETF.FI.US"
SCAN_rcgShortTermTrade_ASC,unrestricted,Short Term Trade (Recognia) Asc,"STK,STOCK.NA,STOCK.EU,STOCK.ME,STOCK.HK,ETF.EQ.US,ETF.FI.US"
SCAN_esgScore_DESC,unrestricted,ESG Score (Refinitiv) Desc,"STK,STOCK.NA,STOCK.EU,STOCK.ME,STOCK.HK,ETF.EQ.US,ETF.FI.US,FUND.US,FUND.ALL,BOND"
SCAN_esgScore_ASC,unrestricted,ESG Score (Refinitiv) Asc,"STK,STOCK.NA,STOCK.EU,STOCK.ME,STOCK.HK,ETF.EQ.US,ETF.FI.US,FUND.US,FUND.ALL,BOND"
SCAN_esgCombinedScore_DESC,unrestricted,ESG Combined Score (Refinitiv) Desc,"STK,STOCK.NA,STOCK.EU,STOCK.ME,STOCK.HK,ETF.EQ.US,ETF.FI.US,FUND.US,FUND.ALL,BOND"
SCAN_esgCombinedScore_ASC,unrestricted,ESG Combined Score (Refinitiv) Asc,"STK,STOCK.NA,STOCK.EU,STOCK.ME,STOCK.HK,ETF.EQ.US,ETF.FI.US,FUND.US,FUND.ALL,BOND"
SCAN_esgControversiesScore_DESC,unrestricted,ESG Controversies Score (Refinitiv) Desc,"STK,STOCK.NA,STOCK.EU,STOCK.ME,STOCK.HK,ETF.EQ.US,ETF.FI.US,FUND.US,FUND.ALL,BOND"
SCAN_esgControversiesScore_ASC,unrestricted,ESG Controversies Score (Refinitiv) Asc,"STK,STOCK.NA,STOCK.EU,STOCK.ME,STOCK.HK,ETF.EQ.US,ETF.FI.US,FUND.US,FUND.ALL,BOND"
SCAN_esgResourceUseScore_DESC,unrestricted,ESG Resource Use Score (Refinitiv) Desc,"STK,STOCK.NA,STOCK.EU,STOCK.ME,STOCK.HK,ETF.EQ.US,ETF.FI.US,FUND.US,FUND.ALL,BOND"
SCAN_esgResourceUseScore_ASC,unrestricted,ESG Resource Use Score (Refinitiv) Asc,"STK,STOCK.NA,STOCK.EU,STOCK.ME,STOCK.HK,ETF.EQ.US,ETF.FI.US,FUND.US,FUND.ALL,BOND"
SCAN_esgEmissionsScore_DESC,unrestricted,ESG Emissions Score (Refinitiv) Desc,"STK,STOCK.NA,STOCK.EU,STOCK.ME,STOCK.HK,ETF.EQ.US,ETF.FI.US,FUND.US,FUND.ALL,BOND"
SCAN_esgEmissionsScore_ASC,unrestricted,ESG Emissions Score (Refinitiv) Asc,"STK,STOCK.NA,STOCK.EU,STOCK.ME,STOCK.HK,ETF.EQ.US,ETF.FI.US,FUND.US,FUND.ALL,BOND"
SCAN_esgEnvInvScore_DESC,unrestricted,ESG Environmental Innovation Score (Refinitiv) Desc,"STK,STOCK.NA,STOCK.EU,STOCK.ME,STOCK.HK,ETF.EQ.US,ETF.FI.US,FUND.US,FUND.ALL,BOND"
SCAN_esgEnvInvScore_ASC,unrestricted,ESG Environmental Innovation Score (Refinitiv) Asc,"STK,STOCK.NA,STOCK.EU,STOCK.ME,STOCK.HK,ETF.EQ.US,ETF.FI.US,FUND.US,FUND.ALL,BOND"
SCAN_esgWorkforceScore_DESC,unrestricted,ESG Workforce Score (Refinitiv) Desc,"STK,STOCK.NA,STOCK.EU,STOCK.ME,STOCK.HK,ETF.EQ.US,ETF.FI.US,FUND.US,FUND.ALL,BOND"
SCAN_esgWorkforceScore_ASC,unrestricted,ESG Workforce Score (Refinitiv) Asc,"STK,STOCK.NA,STOCK.EU,STOCK.ME,STOCK.HK,ETF.EQ.US,ETF.FI.US,FUND.US,FUND.ALL,BOND"
SCAN_esgHrScore_DESC,unrestricted,ESG Human Rights Score (Refinitiv) Desc,"STK,STOCK.NA,STOCK.EU,STOCK.ME,STOCK.HK,ETF.EQ.US,ETF.FI.US,FUND.US,FUND.ALL,BOND"
SCAN_esgHrScore_ASC,unrestricted,ESG Human Rights Score (Refinitiv) Asc,"STK,STOCK.NA,STOCK.EU,STOCK.ME,STOCK.HK,ETF.EQ.US,ETF.FI.US,FUND.US,FUND.ALL,BOND"
SCAN_esgCommunityScore_DESC,unrestricted,ESG Community Score (Refinitiv) Desc,"STK,STOCK.NA,STOCK.EU,STOCK.ME,STOCK.HK,ETF.EQ.US,ETF.FI.US,FUND.US,FUND.ALL,BOND"
SCAN_esgCommunityScore_ASC,unrestricted,ESG Community Score (Refinitiv) Asc,"STK,STOCK.NA,STOCK.EU,STOCK.ME,STOCK.HK,ETF.EQ.US,ETF.FI.US,FUND.US,FUND.ALL,BOND"
SCAN_esgProdRespScore_DESC,unrestricted,ESG Product Responsibility Score (Refinitiv) Desc,"STK,STOCK.NA,STOCK.EU,STOCK.ME,STOCK.HK,ETF.EQ.US,ETF.FI.US,FUND.US,FUND.ALL,BOND"
SCAN_esgProdRespScore_ASC,unrestricted,ESG Product Responsibility Score (Refinitiv) Asc,"STK,STOCK.NA,STOCK.EU,STOCK.ME,STOCK.HK,ETF.EQ.US,ETF.FI.US,FUND.US,FUND.ALL,BOND"
SCAN_esgManagementScore_DESC,unrestricted,ESG Management Score (Refinitiv) Desc,"STK,STOCK.NA,STOCK.EU,STOCK.ME,STOCK.HK,ETF.EQ.US,ETF.FI.US,FUND.US,FUND.ALL,BOND"
SCAN_esgManagementScore_ASC,unrestricted,ESG Management Score (Refinitiv) Asc,"STK,STOCK.NA,STOCK.EU,STOCK.ME,STOCK.HK,ETF.EQ.US,ETF.FI.US,FUND.US,FUND.ALL,BOND"
SCAN_esgShareholdersScore_DESC,unrestricted,ESG Shareholders Score (Refinitiv) Desc,"STK,STOCK.NA,STOCK.EU,STOCK.ME,STOCK.HK,ETF.EQ.US,ETF.FI.US,FUND.US,FUND.ALL,BOND"
SCAN_esgShareholdersScore_ASC,unrestricted,ESG Shareholders Score (Refinitiv) Asc,"STK,STOCK.NA,STOCK.EU,STOCK.ME,STOCK.HK,ETF.EQ.US,ETF.FI.US,FUND.US,FUND.ALL,BOND"
SCAN_esgStrategyScore_DESC,unrestricted,ESG CSR Strategy Score (Refinitiv) Desc,"STK,STOCK.NA,STOCK.EU,STOCK.ME,STOCK.HK,ETF.EQ.US,ETF.FI.US,FUND.US,FUND.ALL,BOND"
SCAN_esgStrategyScore_ASC,unrestricted,ESG CSR Strategy Score (Refinitiv) Asc,"STK,STOCK.NA,STOCK.EU,STOCK.ME,STOCK.HK,ETF.EQ.US,ETF.FI.US,FUND.US,FUND.ALL,BOND"
SCAN_esgEnvPillarScore_DESC,unrestricted,ESG Environmental Score (Refinitiv) Desc,"STK,STOCK.NA,STOCK.EU,STOCK.ME,STOCK.HK,ETF.EQ.US,ETF.FI.US,FUND.US,FUND.ALL,BOND"
SCAN_esgEnvPillarScore_ASC,unrestricted,ESG Environmental Score (Refinitiv) Asc,"STK,STOCK.NA,STOCK.EU,STOCK.ME,STOCK.HK,ETF.EQ.US,ETF.FI.US,FUND.US,FUND.ALL,BOND"
SCAN_esgSocialPillarScore_DESC,unrestricted,ESG Social Score (Refinitiv) Desc,"STK,STOCK.NA,STOCK.EU,STOCK.ME,STOCK.HK,ETF.EQ.US,ETF.FI.US,FUND.US,FUND.ALL,BOND"
SCAN_esgSocialPillarScore_ASC,unrestricted,ESG Social Score (Refinitiv) Asc,"STK,STOCK.NA,STOCK.EU,STOCK.ME,STOCK.HK,ETF.EQ.US,ETF.FI.US,FUND.US,FUND.ALL,BOND"
SCAN_esgCorpGovPillarScore_DESC,unrestricted,ESG Corporate Governance Score (Refinitiv) Desc,"STK,STOCK.NA,STOCK.EU,STOCK.ME,STOCK.HK,ETF.EQ.US,ETF.FI.US,FUND.US,FUND.ALL,BOND"
SCAN_esgCorpGovPillarScore_ASC,unrestricted,ESG Corporate Governance Score (Refinitiv) Asc,"STK,STOCK.NA,STOCK.EU,STOCK.ME,STOCK.HK,ETF.EQ.US,ETF.FI.US,FUND.US,FUND.ALL,BOND"
SCAN_ivRank13w_ASC,allowed,13 Week IV Rank Asc,"STK,STOCK.NA,STOCK.EU,STOCK.ME,STOCK.HK,ETF.EQ.US,ETF.FI.US"
SCAN_ivRank13w_DESC,allowed,13 Week IV Rank Desc,"STK,STOCK.NA,STOCK.EU,STOCK.ME,STOCK.HK,ETF.EQ.US,ETF.FI.US"
SCAN_ivRank26w_ASC,allowed,26 Week IV Rank Asc,"STK,STOCK.NA,STOCK.EU,STOCK.ME,STOCK.HK,ETF.EQ.US,ETF.FI.US"
SCAN_ivRank26w_DESC,allowed,26 Week IV Rank Desc,"STK,STOCK.NA,STOCK.EU,STOCK.ME,STOCK.HK,ETF.EQ.US,ETF.FI.US"
SCAN_ivRank52w_ASC,allowed,52 Week IV Rank Asc,"STK,STOCK.NA,STOCK.EU,STOCK.ME,STOCK.HK,ETF.EQ.US,ETF.FI.US"
SCAN_ivRank52w_DESC,allowed,52 Week IV Rank Desc,"STK,STOCK.NA,STOCK.EU,STOCK.ME,STOCK.HK,ETF.EQ.US,ETF.FI.US"
SCAN_ivPercntl13w_ASC,allowed,13 Week IV Percentile Asc,"STK,STOCK.NA,STOCK.EU,STOCK.ME,STOCK.HK,ETF.EQ.US,ETF.FI.US"
SCAN_ivPercntl13w_DESC,allowed,13 Week IV Percentile Desc,"STK,STOCK.NA,STOCK.EU,STOCK.ME,STOCK.HK,ETF.EQ.US,ETF.FI.US"
SCAN_ivPercntl26w_ASC,allowed,26 Week IV Percentile Asc,"STK,STOCK.NA,STOCK.EU,STOCK.ME,STOCK.HK,ETF.EQ.US,ETF.FI.US"
SCAN_ivPercntl26w_DESC,allowed,26 Week IV Percentile Desc,"STK,STOCK.NA,STOCK.EU,STOCK.ME,STOCK.HK,ETF.EQ.US,ETF.FI.US"
SCAN_ivPercntl52w_ASC,allowed,52 Week IV Percentile Asc,"STK,STOCK.NA,STOCK.EU,STOCK.ME,STOCK.HK,ETF.EQ.US,ETF.FI.US"
SCAN_ivPercntl52w_DESC,allowed,52 Week IV Percentile Desc,"STK,STOCK.NA,STOCK.EU,STOCK.ME,STOCK.HK,ETF.EQ.US,ETF.FI.US"
SCAN_hvRank13w_ASC,allowed,13 Week HV Rank Asc,"STK,STOCK.NA,STOCK.EU,STOCK.ME,STOCK.HK,ETF.EQ.US,ETF.FI.US"
SCAN_hvRank13w_DESC,allowed,13 Week HV Rank Desc,"STK,STOCK.NA,STOCK.EU,STOCK.ME,STOCK.HK,ETF.EQ.US,ETF.FI.US"
SCAN_hvRank26w_ASC,allowed,26 Week HV Rank Asc,"STK,STOCK.NA,STOCK.EU,STOCK.ME,STOCK.HK,ETF.EQ.US,ETF.FI.US"
SCAN_hvRank26w_DESC,allowed,26 Week HV Rank Desc,"STK,STOCK.NA,STOCK.EU,STOCK.ME,STOCK.HK,ETF.EQ.US,ETF.FI.US"
SCAN_hvRank52w_ASC,allowed,52 Week HV Rank Asc,"STK,STOCK.NA,STOCK.EU,STOCK.ME,STOCK.HK,ETF.EQ.US,ETF.FI.US"
SCAN_hvRank52w_DESC,allowed,52 Week HV Rank Desc,"STK,STOCK.NA,STOCK.EU,STOCK.ME,STOCK.HK,ETF.EQ.US,ETF.FI.US"
SCAN_hvPercntl13w_ASC,allowed,13 Week HV Percentile Asc,"STK,STOCK.NA,STOCK.EU,STOCK.ME,STOCK.HK,ETF.EQ.US,ETF.FI.US"
SCAN_hvPercntl13w_DESC,allowed,13 Week HV Percentile Desc,"STK,STOCK.NA,STOCK.EU,STOCK.ME,STOCK.HK,ETF.EQ.US,ETF.FI.US"
SCAN_hvPercntl26w_ASC,allowed,26 Week HV Percentile Asc,"STK,STOCK.NA,STOCK.EU,STOCK.ME,STOCK.HK,ETF.EQ.US,ETF.FI.US"
SCAN_hvPercntl26w_DESC,allowed,26 Week HV Percentile Desc,"STK,STOCK.NA,STOCK.EU,STOCK.ME,STOCK.HK,ETF.EQ.US,ETF.FI.US"
SCAN_hvPercntl52w_ASC,allowed,52 Week HV Percentile Asc,"STK,STOCK.NA,STOCK.EU,STOCK.ME,STOCK.HK,ETF.EQ.US,ETF.FI.US"
SCAN_hvPercntl52w_DESC,allowed,52 Week HV Percentile Desc,"STK,STOCK.NA,STOCK.EU,STOCK.ME,STOCK.HK,ETF.EQ.US,ETF.FI.US"
SCAN_socialSentimentScore_ASC,unrestricted,Social Sentiment Score Asc,"STK,STOCK.NA,STOCK.EU,STOCK.ME,STOCK.HK"
SCAN_socialSentimentScore_DESC,unrestricted,Social Sentiment Score Desc,"STK,STOCK.NA,STOCK.EU,STOCK.ME,STOCK.HK"
SCAN_socialSentimentScoreChange_ASC,unrestricted,Social Sentiment Score Change Asc,"STK,STOCK.NA,STOCK.EU,STOCK.ME,STOCK.HK"
SCAN_socialSentimentScoreChange_DESC,unrestricted,Social Sentiment Score Change Desc,"STK,STOCK.NA,STOCK.EU,STOCK.ME,STOCK.HK"
SCAN_tweetVolumeScore_ASC,unrestricted,Tweet Volume Score Asc,"STK,STOCK.NA,STOCK.EU,STOCK.ME,STOCK.HK"
SCAN_tweetVolumeScore_DESC,unrestricted,Tweet Volume Score Desc,"STK,STOCK.NA,STOCK.EU,STOCK.ME,STOCK.HK"
SCAN_tweetVolumeScoreChange_ASC,unrestricted,Tweet Volume Score Change Asc,"STK,STOCK.NA,STOCK.EU,STOCK.ME,STOCK.HK"
SCAN_tweetVolumeScoreChange_DESC,unrestricted,Tweet Volume Score Change Desc,"STK,STOCK.NA,STOCK.EU,STOCK.ME,STOCK.HK"
SCAN_numShares_ASC,allowed,Shares Outstanding Asc,STK
SCAN_numShares_DESC,allowed,Shares Outstanding Desc,STK
SCAN_stVolumeVsAvg3min_ASC,allowed,3min Volume vs Average Volume Asc,STK
SCAN_stVolumeVsAvg3min_DESC,allowed,3min Volume vs Average Volume Desc,STK
SCAN_stVolumeVsAvg5min_ASC,allowed,5min Volume vs Average Volume Asc,STK
SCAN_stVolumeVsAvg5min_DESC,allowed,5min Volume vs Average Volume Desc,STK
SCAN_stVolumeVsAvg10min_ASC,allowed,10min Volume vs Average Volume Asc,STK
SCAN_stVolumeVsAvg10min_DESC,allowed,10min Volume vs Average Volume Desc,STK
SCAN_nextEarningsDateTime_ASC,unrestricted,Upcoming Earnings (WSH) Asc,"STK,STOCK.NA,STOCK.EU,STOCK.ME,STOCK.HK"
SCAN_nextEarningsDateTime_DESC,unrestricted,Upcoming Earnings (WSH) Desc,"STK,STOCK.NA,STOCK.EU,STOCK.ME,STOCK.HK"
SCAN_floatShares_ASC,unrestricted,Float Shares Asc,"STK,STOCK.NA,STOCK.EU,STOCK.ME,STOCK.HK"
SCAN_floatShares_DESC,unrestricted,Float Shares Desc,"STK,STOCK.NA,STOCK.EU,STOCK.ME,STOCK.HK"
